name,value,year,lastValue,rank
BENGALS,NA,1966,NA,25
BUCCANEERS,NA,1966,NA,26
JAGUARS,NA,1966,NA,27
PANTHERS,NA,1966,NA,28
RAVENS,NA,1966,NA,29
SAINTS,NA,1966,NA,30
SEAHAWKS,NA,1966,NA,31
TEXANS,NA,1966,NA,32
PACKERS,85.7,1966,0.857142857,1
CHIEFS,82.1,1966,0.821428571,2
COWBOYS,75.0,1966,0.75,3
BILLS,67.9,1966,0.678571429,4
BROWNS,64.3,1966,0.642857143,5
COLTS,64.3,1966,0.642857143,6
EAGLES,64.3,1966,0.642857143,7
PATRIOTS,64.3,1966,0.642857143,8
CARDINALS,60.7,1966,0.607142857,9
RAIDERS,60.7,1966,0.607142857,10
RAMS,57.1,1966,0.571428571,11
CHARGERS,53.6,1966,0.535714286,12
49ERS,50.0,1966,0.5,13
JETS,50.0,1966,0.5,14
REDSKINS,50.0,1966,0.5,15
BEARS,42.9,1966,0.428571429,16
STEELERS,39.3,1966,0.392857143,17
LIONS,32.1,1966,0.321428571,18
VIKINGS,32.1,1966,0.321428571,19
BRONCOS,28.6,1966,0.285714286,20
DOLPHINS,21.4,1966,0.214285714,21
FALCONS,21.4,1966,0.214285714,22
TITANS/OILERS,21.4,1966,0.214285714,23
GIANTS,10.7,1966,0.107142857,24
BENGALS,NA,1967,NA,26
BUCCANEERS,NA,1967,NA,27
JAGUARS,NA,1967,NA,28
PANTHERS,NA,1967,NA,29
RAVENS,NA,1967,NA,30
SEAHAWKS,NA,1967,NA,31
TEXANS,NA,1967,NA,32
PACKERS,76.8,1967,0.857142857,1
RAIDERS,76.8,1967,0.607142857,2
COLTS,75.0,1967,0.642857143,3
CHIEFS,73.2,1967,0.821428571,4
RAMS,71.4,1967,0.571428571,5
COWBOYS,69.6,1967,0.75,6
BROWNS,64.3,1967,0.642857143,7
CHARGERS,57.1,1967,0.535714286,8
EAGLES,55.4,1967,0.642857143,9
JETS,55.4,1967,0.5,10
CARDINALS,53.6,1967,0.607142857,11
49ERS,50.0,1967,0.5,12
BILLS,48.2,1967,0.678571429,13
REDSKINS,48.2,1967,0.5,14
BEARS,48.2,1967,0.428571429,15
PATRIOTS,44.6,1967,0.642857143,16
TITANS/OILERS,44.6,1967,0.214285714,17
LIONS,37.5,1967,0.321428571,18
STEELERS,35.7,1967,0.392857143,19
VIKINGS,32.1,1967,0.321428571,20
GIANTS,30.4,1967,0.107142857,21
BRONCOS,25.0,1967,0.285714286,22
DOLPHINS,25.0,1967,0.214285714,23
SAINTS,21.4,1967,NA,24
FALCONS,16.1,1967,0.214285714,25
BUCCANEERS,NA,1968,NA,27
JAGUARS,NA,1968,NA,28
PANTHERS,NA,1968,NA,29
RAVENS,NA,1968,NA,30
SEAHAWKS,NA,1968,NA,31
TEXANS,NA,1968,NA,32
COLTS,81.0,1968,0.75,1
RAIDERS,79.8,1968,0.767857143,2
CHIEFS,77.4,1968,0.732142857,3
COWBOYS,75.0,1968,0.696428571,4
RAMS,72.6,1968,0.714285714,5
PACKERS,66.7,1968,0.767857143,6
BROWNS,66.7,1968,0.642857143,7
JETS,63.1,1968,0.553571429,8
CHARGERS,59.5,1968,0.571428571,9
CARDINALS,58.3,1968,0.535714286,10
49ERS,51.2,1968,0.5,11
BEARS,48.8,1968,0.482142857,12
TITANS/OILERS,46.4,1968,0.446428571,13
REDSKINS,44.0,1968,0.482142857,14
EAGLES,41.7,1968,0.553571429,15
VIKINGS,40.5,1968,0.321428571,16
PATRIOTS,39.3,1968,0.446428571,17
LIONS,36.9,1968,0.375,18
GIANTS,36.9,1968,0.303571429,19
BILLS,35.7,1968,0.482142857,20
STEELERS,29.8,1968,0.357142857,21
DOLPHINS,29.8,1968,0.25,22
BRONCOS,28.6,1968,0.25,23
SAINTS,26.8,1968,0.214285714,24
BENGALS,21.4,1968,NA,25
FALCONS,15.5,1968,0.160714286,26
BUCCANEERS,NA,1969,NA,27
JAGUARS,NA,1969,NA,28
PANTHERS,NA,1969,NA,29
RAVENS,NA,1969,NA,30
SEAHAWKS,NA,1969,NA,31
TEXANS,NA,1969,NA,32
RAIDERS,82.1,1969,0.797619048,1
CHIEFS,77.7,1969,0.773809524,2
COWBOYS,76.8,1969,0.75,3
COLTS,75.9,1969,0.80952381,4
RAMS,74.1,1969,0.726190476,5
BROWNS,68.8,1969,0.666666667,6
JETS,65.2,1969,0.630952381,7
PACKERS,64.3,1969,0.666666667,8
CHARGERS,58.9,1969,0.595238095,9
CARDINALS,51.8,1969,0.583333333,10
VIKINGS,51.8,1969,0.404761905,11
49ERS,47.3,1969,0.511904762,12
TITANS/OILERS,47.3,1969,0.464285714,13
REDSKINS,47.3,1969,0.440476191,14
LIONS,44.6,1969,0.369047619,15
EAGLES,39.3,1969,0.416666667,16
BEARS,38.4,1969,0.488095238,17
GIANTS,38.4,1969,0.369047619,18
PATRIOTS,36.6,1969,0.392857143,19
BILLS,33.9,1969,0.357142857,20
BRONCOS,31.3,1969,0.285714286,21
SAINTS,29.8,1969,0.267857143,22
DOLPHINS,28.6,1969,0.297619048,23
BENGALS,26.8,1969,0.214285714,24
STEELERS,24.1,1969,0.297619048,25
FALCONS,22.3,1969,0.154761905,26
BUCCANEERS,NA,1970,NA,27
JAGUARS,NA,1970,NA,28
PANTHERS,NA,1970,NA,29
RAVENS,NA,1970,NA,30
SEAHAWKS,NA,1970,NA,31
TEXANS,NA,1970,NA,32
RAIDERS,78.6,1970,0.821428571,1
COLTS,77.1,1970,0.758928571,2
COWBOYS,75.7,1970,0.767857143,3
CHIEFS,73.6,1970,0.776785714,4
RAMS,72.9,1970,0.741071429,5
BROWNS,65.0,1970,0.6875,6
PACKERS,60.0,1970,0.642857143,7
VIKINGS,58.6,1970,0.517857143,8
JETS,57.9,1970,0.651785714,9
CHARGERS,56.4,1970,0.589285714,10
CARDINALS,53.6,1970,0.517857143,11
49ERS,52.9,1970,0.473214286,12
LIONS,50.0,1970,0.446428571,13
REDSKINS,46.4,1970,0.473214286,14
GIANTS,43.6,1970,0.383928571,15
TITANS/OILERS,42.9,1970,0.473214286,16
BEARS,39.3,1970,0.383928571,17
DOLPHINS,37.1,1970,0.285714286,18
BENGALS,36.9,1970,0.267857143,19
EAGLES,36.4,1970,0.392857143,20
BRONCOS,32.9,1970,0.3125,21
PATRIOTS,32.1,1970,0.366071429,22
BILLS,32.1,1970,0.339285714,23
SAINTS,26.8,1970,0.297619048,24
STEELERS,26.4,1970,0.241071429,25
FALCONS,25.0,1970,0.223214286,26
BUCCANEERS,NA,1971,NA,27
JAGUARS,NA,1971,NA,28
PANTHERS,NA,1971,NA,29
RAVENS,NA,1971,NA,30
SEAHAWKS,NA,1971,NA,31
TEXANS,NA,1971,NA,32
RAIDERS,76.2,1971,0.785714286,1
COLTS,76.2,1971,0.771428571,2
COWBOYS,76.2,1971,0.757142857,3
CHIEFS,73.8,1971,0.735714286,4
RAMS,70.8,1971,0.728571429,5
BROWNS,64.9,1971,0.65,6
VIKINGS,61.9,1971,0.585714286,7
PACKERS,56.0,1971,0.6,8
JETS,55.4,1971,0.578571429,9
49ERS,54.8,1971,0.528571429,10
CHARGERS,54.2,1971,0.564285714,11
LIONS,50.6,1971,0.5,12
CARDINALS,50.0,1971,0.535714286,13
REDSKINS,50.0,1971,0.464285714,14
DOLPHINS,43.5,1971,0.371428571,15
GIANTS,41.1,1971,0.435714286,16
TITANS/OILERS,41.1,1971,0.428571429,17
BEARS,39.9,1971,0.392857143,18
EAGLES,38.1,1971,0.364285714,19
BENGALS,34.8,1971,0.369047619,20
PATRIOTS,33.9,1971,0.321428571,21
BRONCOS,32.7,1971,0.328571429,22
FALCONS,29.8,1971,0.25,23
STEELERS,29.2,1971,0.264285714,24
SAINTS,28.6,1971,0.267857143,25
BILLS,28.0,1971,0.321428571,26
BUCCANEERS,NA,1972,NA,27
JAGUARS,NA,1972,NA,28
PANTHERS,NA,1972,NA,29
RAVENS,NA,1972,NA,30
SEAHAWKS,NA,1972,NA,31
TEXANS,NA,1972,NA,32
RAIDERS,76.0,1972,0.761904762,1
COWBOYS,75.5,1972,0.761904762,2
CHIEFS,71.4,1972,0.738095238,3
COLTS,70.4,1972,0.761904762,4
RAMS,67.3,1972,0.708333333,5
BROWNS,65.8,1972,0.648809524,6
VIKINGS,60.2,1972,0.619047619,7
PACKERS,58.2,1972,0.55952381,8
49ERS,55.6,1972,0.547619048,9
JETS,54.6,1972,0.553571429,10
REDSKINS,54.1,1972,0.5,11
LIONS,52.0,1972,0.505952381,12
DOLPHINS,51.5,1972,0.43452381,13
CHARGERS,51.0,1972,0.541666667,14
CARDINALS,47.4,1972,0.5,15
GIANTS,43.4,1972,0.410714286,16
BENGALS,39.3,1972,0.348214286,17
BEARS,38.8,1972,0.398809524,18
TITANS/OILERS,36.2,1972,0.410714286,19
STEELERS,36.2,1972,0.291666667,20
EAGLES,35.2,1972,0.380952381,21
BRONCOS,33.2,1972,0.327380952,22
FALCONS,32.7,1972,0.297619048,23
PATRIOTS,32.1,1972,0.339285714,24
BILLS,28.6,1972,0.279761905,25
SAINTS,26.8,1972,0.285714286,26
BUCCANEERS,NA,1973,NA,27
JAGUARS,NA,1973,NA,28
PANTHERS,NA,1973,NA,29
RAVENS,NA,1973,NA,30
SEAHAWKS,NA,1973,NA,31
TEXANS,NA,1973,NA,32
RAIDERS,75.0,1973,0.760204082,1
COWBOYS,75.0,1973,0.755102041,2
CHIEFS,69.6,1973,0.714285714,3
RAMS,69.6,1973,0.673469388,4
COLTS,65.2,1973,0.704081633,5
BROWNS,64.7,1973,0.658163265,6
VIKINGS,63.4,1973,0.602040816,7
PACKERS,56.3,1973,0.581632653,8
REDSKINS,56.3,1973,0.540816327,9
DOLPHINS,55.8,1973,0.515306122,10
49ERS,53.1,1973,0.556122449,11
JETS,51.3,1973,0.545918367,12
LIONS,51.3,1973,0.520408163,13
CHARGERS,46.9,1973,0.510204082,14
CARDINALS,45.5,1973,0.474489796,15
BENGALS,44.6,1973,0.392857143,16
STEELERS,40.6,1973,0.362244898,17
GIANTS,40.2,1973,0.433673469,18
BEARS,36.6,1973,0.387755102,19
FALCONS,36.6,1973,0.326530612,20
BRONCOS,36.2,1973,0.331632653,21
EAGLES,35.7,1973,0.352040816,22
BILLS,33.0,1973,0.285714286,23
TITANS/OILERS,32.6,1973,0.362244898,24
PATRIOTS,32.6,1973,0.321428571,25
SAINTS,28.1,1973,0.267857143,26
BUCCANEERS,NA,1974,NA,27
JAGUARS,NA,1974,NA,28
PANTHERS,NA,1974,NA,29
RAVENS,NA,1974,NA,30
SEAHAWKS,NA,1974,NA,31
TEXANS,NA,1974,NA,32
RAIDERS,76.2,1974,0.75,1
COWBOYS,73.0,1974,0.75,2
RAMS,69.8,1974,0.696428571,3
CHIEFS,65.9,1974,0.696428571,4
VIKINGS,64.3,1974,0.633928571,5
BROWNS,60.7,1974,0.647321429,6
COLTS,59.5,1974,0.651785714,7
DOLPHINS,58.3,1974,0.558035714,8
REDSKINS,57.9,1974,0.5625,9
PACKERS,54.8,1974,0.5625,10
49ERS,52.0,1974,0.53125,11
JETS,51.2,1974,0.513392857,12
LIONS,51.2,1974,0.513392857,13
CARDINALS,48.4,1974,0.455357143,14
CHARGERS,45.6,1974,0.46875,15
BENGALS,45.4,1974,0.446428571,16
STEELERS,44.4,1974,0.40625,17
BRONCOS,38.1,1974,0.361607143,18
GIANTS,37.3,1974,0.401785714,19
EAGLES,37.3,1974,0.357142857,20
BILLS,36.5,1974,0.330357143,21
BEARS,35.7,1974,0.366071429,22
FALCONS,34.9,1974,0.366071429,23
PATRIOTS,34.5,1974,0.325892857,24
TITANS/OILERS,34.5,1974,0.325892857,25
SAINTS,29.0,1974,0.280612245,26
BUCCANEERS,NA,1975,NA,27
JAGUARS,NA,1975,NA,28
PANTHERS,NA,1975,NA,29
RAVENS,NA,1975,NA,30
SEAHAWKS,NA,1975,NA,31
TEXANS,NA,1975,NA,32
RAIDERS,76.4,1975,0.761904762,1
COWBOYS,72.9,1975,0.73015873,2
RAMS,71.4,1975,0.698412698,3
VIKINGS,66.4,1975,0.642857143,4
CHIEFS,62.9,1975,0.658730159,5
COLTS,60.7,1975,0.595238095,6
DOLPHINS,59.6,1975,0.583333333,7
REDSKINS,57.9,1975,0.579365079,8
BROWNS,56.8,1975,0.607142857,9
PACKERS,52.1,1975,0.547619048,10
CARDINALS,51.4,1975,0.484126984,11
LIONS,51.1,1975,0.511904762,12
49ERS,50.4,1975,0.51984127,13
BENGALS,49.6,1975,0.454081633,14
STEELERS,48.6,1975,0.444444444,15
JETS,48.2,1975,0.511904762,16
CHARGERS,42.5,1975,0.456349206,17
BRONCOS,38.6,1975,0.380952381,18
BILLS,38.6,1975,0.365079365,19
TITANS/OILERS,38.2,1975,0.345238095,20
GIANTS,37.1,1975,0.373015873,21
EAGLES,36.4,1975,0.373015873,22
BEARS,35.0,1975,0.357142857,23
FALCONS,34.3,1975,0.349206349,24
PATRIOTS,33.2,1975,0.345238095,25
SAINTS,27.4,1975,0.290178571,26
JAGUARS,NA,1976,NA,29
PANTHERS,NA,1976,NA,30
RAVENS,NA,1976,NA,31
TEXANS,NA,1976,NA,32
RAIDERS,77.9,1976,0.764285714,1
COWBOYS,73.4,1976,0.728571429,2
RAMS,71.8,1976,0.714285714,3
VIKINGS,67.9,1976,0.664285714,4
COLTS,62.3,1976,0.607142857,5
CHIEFS,60.4,1976,0.628571429,6
REDSKINS,59.1,1976,0.578571429,7
DOLPHINS,58.1,1976,0.596428571,8
BROWNS,57.5,1976,0.567857143,9
CARDINALS,53.2,1976,0.514285714,10
BENGALS,52.0,1976,0.495535714,11
49ERS,51.0,1976,0.503571429,12
PACKERS,50.6,1976,0.521428571,13
STEELERS,50.6,1976,0.485714286,14
LIONS,50.3,1976,0.510714286,15
JETS,45.8,1976,0.482142857,16
CHARGERS,42.5,1976,0.425,17
BRONCOS,40.9,1976,0.385714286,18
TITANS/OILERS,38.0,1976,0.382142857,19
PATRIOTS,37.3,1976,0.332142857,20
BILLS,36.4,1976,0.385714286,21
BEARS,36.4,1976,0.35,22
GIANTS,35.7,1976,0.371428571,23
EAGLES,35.7,1976,0.364285714,24
FALCONS,33.8,1976,0.342857143,25
SAINTS,27.5,1976,0.273809524,26
SEAHAWKS,14.3,1976,NA,27
BUCCANEERS,0.0,1976,NA,28
JAGUARS,NA,1977,NA,29
PANTHERS,NA,1977,NA,30
RAVENS,NA,1977,NA,31
TEXANS,NA,1977,NA,32
RAIDERS,78.0,1977,0.779220779,1
COWBOYS,74.4,1977,0.733766234,2
RAMS,71.7,1977,0.717532468,3
VIKINGS,67.6,1977,0.678571429,4
COLTS,63.1,1977,0.623376623,5
REDSKINS,59.5,1977,0.590909091,6
DOLPHINS,59.2,1977,0.581168831,7
CHIEFS,56.5,1977,0.603896104,8
BROWNS,56.3,1977,0.574675325,9
CARDINALS,53.0,1977,0.532467533,10
BENGALS,52.5,1977,0.51984127,11
STEELERS,51.8,1977,0.506493507,12
49ERS,49.7,1977,0.50974026,13
LIONS,49.7,1977,0.503246753,14
PACKERS,48.8,1977,0.506493507,15
BRONCOS,44.6,1977,0.409090909,16
JETS,43.8,1977,0.457792208,17
CHARGERS,43.2,1977,0.425324675,18
TITANS/OILERS,39.6,1977,0.37987013,19
PATRIOTS,39.6,1977,0.373376623,20
BEARS,38.7,1977,0.363636364,21
EAGLES,35.7,1977,0.357142857,22
GIANTS,35.7,1977,0.357142857,23
BILLS,35.1,1977,0.363636364,24
FALCONS,35.1,1977,0.337662338,25
SAINTS,26.9,1977,0.275,26
SEAHAWKS,25.0,1977,0.142857143,27
BUCCANEERS,7.1,1977,0,28
JAGUARS,NA,1978,NA,29
PANTHERS,NA,1978,NA,30
RAVENS,NA,1978,NA,31
TEXANS,NA,1978,NA,32
RAIDERS,76.1,1978,0.779761905,1
COWBOYS,74.5,1978,0.744047619,2
RAMS,72.0,1978,0.717261905,3
VIKINGS,66.3,1978,0.675595238,4
COLTS,60.3,1978,0.630952381,5
DOLPHINS,60.1,1978,0.592261905,6
REDSKINS,58.7,1978,0.595238095,7
BROWNS,55.7,1978,0.5625,8
STEELERS,54.9,1978,0.517857143,9
CHIEFS,53.8,1978,0.565476191,10
CARDINALS,51.6,1978,0.529761905,11
BENGALS,49.7,1978,0.525,12
LIONS,49.2,1978,0.49702381,13
PACKERS,49.2,1978,0.488095238,14
49ERS,46.5,1978,0.49702381,15
BRONCOS,46.2,1978,0.446428571,16
JETS,44.3,1978,0.4375,17
CHARGERS,44.3,1978,0.431547619,18
PATRIOTS,42.1,1978,0.395833333,19
TITANS/OILERS,41.6,1978,0.395833333,20
BEARS,39.1,1978,0.386904762,21
EAGLES,37.5,1978,0.357142857,22
FALCONS,37.0,1978,0.351190476,23
SEAHAWKS,36.4,1978,0.25,24
GIANTS,35.9,1978,0.357142857,25
BILLS,34.8,1978,0.351190476,26
SAINTS,28.5,1978,0.26948052,27
BUCCANEERS,15.9,1978,0.071428571,28
JAGUARS,NA,1979,NA,29
PANTHERS,NA,1979,NA,30
RAVENS,NA,1979,NA,31
TEXANS,NA,1979,NA,32
RAIDERS,74.5,1979,0.760869565,1
COWBOYS,74.0,1979,0.744565217,2
RAMS,70.8,1979,0.720108696,3
VIKINGS,64.5,1979,0.663043478,4
DOLPHINS,60.3,1979,0.600543478,5
REDSKINS,59.0,1979,0.586956522,6
COLTS,58.0,1979,0.60326087,7
STEELERS,56.5,1979,0.548913044,8
BROWNS,55.8,1979,0.557065217,9
CHIEFS,53.0,1979,0.538043478,10
CARDINALS,50.0,1979,0.516304348,11
PACKERS,47.8,1979,0.491847826,12
BRONCOS,47.5,1979,0.461956522,13
BENGALS,47.4,1979,0.496794872,14
CHARGERS,46.8,1979,0.442934783,15
LIONS,46.3,1979,0.491847826,16
JETS,44.8,1979,0.442934783,17
49ERS,43.8,1979,0.464673913,18
TITANS/OILERS,43.8,1979,0.41576087,19
PATRIOTS,43.3,1979,0.421195652,20
SEAHAWKS,41.7,1979,0.363636364,21
BEARS,41.0,1979,0.391304348,22
EAGLES,40.0,1979,0.375,23
FALCONS,37.0,1979,0.369565217,24
GIANTS,36.0,1979,0.358695652,25
BILLS,35.5,1979,0.347826087,26
SAINTS,30.4,1979,0.285294118,27
BUCCANEERS,28.3,1979,0.159090909,28
JAGUARS,NA,1980,NA,29
PANTHERS,NA,1980,NA,30
RAVENS,NA,1980,NA,31
TEXANS,NA,1980,NA,32
RAIDERS,74.1,1980,0.745,1
COWBOYS,74.1,1980,0.74,2
RAMS,70.6,1980,0.7075,3
VIKINGS,63.9,1980,0.645,4
DOLPHINS,59.5,1980,0.6025,5
REDSKINS,57.4,1980,0.59,6
COLTS,56.9,1980,0.58,7
BROWNS,56.7,1980,0.5575,8
STEELERS,56.5,1980,0.565,9
CHIEFS,52.8,1980,0.53,10
CARDINALS,48.6,1980,0.5,11
CHARGERS,48.4,1980,0.4675,12
BRONCOS,47.7,1980,0.475,13
LIONS,47.0,1980,0.4625,14
PACKERS,46.8,1980,0.4775,15
BENGALS,46.5,1980,0.473837209,16
TITANS/OILERS,45.6,1980,0.4375,17
PATRIOTS,44.7,1980,0.4325,18
JETS,43.3,1980,0.4475,19
49ERS,43.3,1980,0.4375,20
EAGLES,42.6,1980,0.4,21
BEARS,41.2,1980,0.41,22
FALCONS,39.8,1980,0.37,23
SEAHAWKS,38.2,1980,0.416666667,24
BILLS,38.0,1980,0.355,25
GIANTS,35.2,1980,0.36,26
BUCCANEERS,29.6,1980,0.283333333,27
SAINTS,28.5,1980,0.303763441,28
JAGUARS,NA,1981,NA,29
PANTHERS,NA,1981,NA,30
RAVENS,NA,1981,NA,31
TEXANS,NA,1981,NA,32
COWBOYS,74.1,1981,0.740740741,1
RAIDERS,72.0,1981,0.740740741,2
RAMS,68.3,1981,0.706018519,3
VIKINGS,62.5,1981,0.638888889,4
DOLPHINS,60.3,1981,0.594907407,5
REDSKINS,56.9,1981,0.574074074,6
STEELERS,56.0,1981,0.564814815,7
BROWNS,55.0,1981,0.56712963,8
COLTS,53.9,1981,0.569444444,9
CHIEFS,53.0,1981,0.527777778,10
CHARGERS,49.4,1981,0.483796296,11
BENGALS,48.8,1981,0.465425532,12
BRONCOS,48.7,1981,0.476851852,13
CARDINALS,48.3,1981,0.486111111,14
LIONS,47.2,1981,0.469907407,15
PACKERS,47.0,1981,0.467592593,16
49ERS,45.9,1981,0.43287037,17
TITANS/OILERS,45.5,1981,0.456018519,18
JETS,44.8,1981,0.43287037,19
EAGLES,44.0,1981,0.425925926,20
PATRIOTS,42.5,1981,0.446759259,21
BEARS,40.9,1981,0.412037037,22
FALCONS,40.1,1981,0.398148148,23
BILLS,39.7,1981,0.37962963,24
SEAHAWKS,38.0,1981,0.381578947,25
GIANTS,36.6,1981,0.351851852,26
BUCCANEERS,34.2,1981,0.296052632,27
SAINTS,28.2,1981,0.284653465,28
JAGUARS,NA,1982,NA,29
PANTHERS,NA,1982,NA,30
RAVENS,NA,1982,NA,31
TEXANS,NA,1982,NA,32
COWBOYS,73.9,1982,0.74137931,1
RAIDERS,72.6,1982,0.719827586,2
RAMS,66.6,1982,0.683189655,3
VIKINGS,62.2,1982,0.625,4
DOLPHINS,61.0,1982,0.603448276,5
REDSKINS,58.1,1982,0.568965517,6
STEELERS,56.4,1982,0.560344828,7
BROWNS,54.6,1982,0.549568966,8
CHIEFS,52.3,1982,0.530172414,9
COLTS,52.1,1982,0.538793103,10
CHARGERS,50.0,1982,0.493534483,11
BENGALS,50.0,1982,0.487745098,12
CARDINALS,48.5,1982,0.482758621,13
BRONCOS,47.7,1982,0.487068966,14
PACKERS,47.5,1982,0.469827586,15
LIONS,47.1,1982,0.471982759,16
JETS,45.6,1982,0.448275862,17
49ERS,45.4,1982,0.459051724,18
TITANS/OILERS,44.2,1982,0.454741379,19
EAGLES,43.6,1982,0.439655172,20
PATRIOTS,42.9,1982,0.424568966,21
BEARS,40.7,1982,0.409482759,22
FALCONS,40.7,1982,0.400862069,23
BILLS,39.8,1982,0.396551724,24
SEAHAWKS,38.6,1982,0.380434783,25
GIANTS,36.9,1982,0.36637931,26
BUCCANEERS,36.1,1982,0.342391304,27
SAINTS,28.9,1982,0.282110092,28
JAGUARS,NA,1983,NA,29
PANTHERS,NA,1983,NA,30
RAVENS,NA,1983,NA,31
TEXANS,NA,1983,NA,32
COWBOYS,73.9,1983,0.738589212,1
RAIDERS,72.8,1983,0.726141079,2
RAMS,66.0,1983,0.665975104,3
DOLPHINS,61.9,1983,0.609958506,4
VIKINGS,61.5,1983,0.622406639,5
REDSKINS,59.9,1983,0.580912863,6
STEELERS,56.8,1983,0.564315353,7
BROWNS,54.7,1983,0.545643154,8
COLTS,51.6,1983,0.520746888,9
CHIEFS,51.4,1983,0.522821577,10
BENGALS,49.6,1983,0.5,11
CHARGERS,49.2,1983,0.5,12
CARDINALS,48.8,1983,0.485477178,13
BRONCOS,48.2,1983,0.477178423,14
PACKERS,47.7,1983,0.475103734,15
LIONS,47.7,1983,0.470954357,16
49ERS,46.5,1983,0.454356847,17
JETS,45.5,1983,0.456431535,18
PATRIOTS,43.4,1983,0.429460581,19
EAGLES,42.8,1983,0.435684647,20
TITANS/OILERS,42.2,1983,0.441908714,21
BEARS,41.2,1983,0.406639004,22
SEAHAWKS,41.0,1983,0.386138614,23
FALCONS,40.9,1983,0.406639004,24
BILLS,40.5,1983,0.398340249,25
GIANTS,36.0,1983,0.369294606,26
BUCCANEERS,32.9,1983,0.361386139,27
SAINTS,30.2,1983,0.288546256,28
JAGUARS,NA,1984,NA,29
PANTHERS,NA,1984,NA,30
RAVENS,NA,1984,NA,31
TEXANS,NA,1984,NA,32
COWBOYS,72.9,1984,0.739299611,1
RAIDERS,72.5,1984,0.727626459,2
RAMS,65.8,1984,0.659533074,3
DOLPHINS,63.4,1984,0.618677043,4
REDSKINS,60.4,1984,0.59922179,5
VIKINGS,59.0,1984,0.614785992,6
STEELERS,56.8,1984,0.568093385,7
BROWNS,53.3,1984,0.546692607,8
CHIEFS,51.3,1984,0.513618677,9
BRONCOS,50.2,1984,0.482490272,10
COLTS,50.0,1984,0.515564202,11
BENGALS,49.6,1984,0.495633188,12
CARDINALS,49.3,1984,0.488326848,13
49ERS,49.3,1984,0.464980545,14
CHARGERS,48.9,1984,0.492217899,15
PACKERS,47.8,1984,0.476653697,16
LIONS,46.5,1984,0.476653697,17
JETS,45.4,1984,0.455252918,18
SEAHAWKS,45.1,1984,0.41025641,19
PATRIOTS,44.1,1984,0.43385214,20
EAGLES,42.7,1984,0.428015564,21
BEARS,42.5,1984,0.412451362,22
TITANS/OILERS,40.8,1984,0.422178988,23
FALCONS,39.9,1984,0.408560311,24
BILLS,38.8,1984,0.404669261,25
GIANTS,37.2,1984,0.359922179,26
BUCCANEERS,33.5,1984,0.329059829,27
SAINTS,31.1,1984,0.302469136,28
JAGUARS,NA,1985,NA,29
PANTHERS,NA,1985,NA,30
RAVENS,NA,1985,NA,31
TEXANS,NA,1985,NA,32
RAIDERS,72.7,1985,0.725274725,1
COWBOYS,72.3,1985,0.728937729,2
RAMS,65.9,1985,0.657509158,3
DOLPHINS,64.0,1985,0.633699634,4
REDSKINS,60.6,1985,0.604395604,5
VIKINGS,58.1,1985,0.58974359,6
STEELERS,56.1,1985,0.567765568,7
BROWNS,53.1,1985,0.532967033,8
BRONCOS,51.2,1985,0.501831502,9
CHIEFS,50.5,1985,0.512820513,10
49ERS,50.0,1985,0.492673993,11
BENGALS,49.2,1985,0.495918367,12
COLTS,49.0,1985,0.5,13
CHARGERS,49.0,1985,0.489010989,14
CARDINALS,48.3,1985,0.492673993,15
PACKERS,47.9,1985,0.478021978,16
JETS,46.7,1985,0.454212454,17
LIONS,46.4,1985,0.465201465,18
SEAHAWKS,45.6,1985,0.45112782,19
PATRIOTS,45.5,1985,0.441391941,20
BEARS,45.3,1985,0.424908425,21
EAGLES,42.7,1985,0.426739927,22
TITANS/OILERS,40.3,1985,0.408424908,23
FALCONS,39.1,1985,0.399267399,24
GIANTS,38.6,1985,0.371794872,25
BILLS,37.4,1985,0.388278388,26
BUCCANEERS,31.2,1985,0.334586466,27
SAINTS,31.1,1985,0.310810811,28
JAGUARS,NA,1986,NA,29
PANTHERS,NA,1986,NA,30
RAVENS,NA,1986,NA,31
TEXANS,NA,1986,NA,32
RAIDERS,71.5,1986,0.726643599,1
COWBOYS,70.8,1986,0.723183391,2
RAMS,65.7,1986,0.65916955,3
DOLPHINS,63.3,1986,0.640138408,4
REDSKINS,61.3,1986,0.605536332,5
VIKINGS,58.0,1986,0.581314879,6
STEELERS,55.1,1986,0.560553633,7
BROWNS,54.3,1986,0.531141869,8
BRONCOS,52.1,1986,0.512110727,9
CHIEFS,51.1,1986,0.505190311,10
49ERS,50.8,1986,0.5,11
BENGALS,50.0,1986,0.492337165,12
CHARGERS,47.7,1986,0.489619377,13
JETS,47.5,1986,0.467128028,14
BEARS,47.5,1986,0.453287197,15
COLTS,47.4,1986,0.489619377,16
SEAHAWKS,47.3,1986,0.456375839,17
CARDINALS,47.2,1986,0.482698962,18
PACKERS,46.7,1986,0.479238754,19
PATRIOTS,46.7,1986,0.455017301,20
LIONS,45.6,1986,0.46366782,21
EAGLES,42.3,1986,0.42733564,22
GIANTS,41.1,1986,0.385813149,23
TITANS/OILERS,39.8,1986,0.403114187,24
FALCONS,39.5,1986,0.39100346,25
BILLS,36.7,1986,0.373702422,26
SAINTS,31.8,1986,0.310909091,27
BUCCANEERS,29.4,1986,0.312080537,28
JAGUARS,NA,1987,NA,29
PANTHERS,NA,1987,NA,30
RAVENS,NA,1987,NA,31
TEXANS,NA,1987,NA,32
RAIDERS,69.7,1987,0.714754098,1
COWBOYS,69.7,1987,0.708196721,2
RAMS,64.5,1987,0.657377049,3
DOLPHINS,62.8,1987,0.632786885,4
REDSKINS,61.9,1987,0.613114754,5
VIKINGS,57.8,1987,0.580327869,6
STEELERS,55.0,1987,0.550819672,7
BROWNS,54.8,1987,0.542622951,8
BRONCOS,53.0,1987,0.521311475,9
49ERS,52.5,1987,0.508196721,10
CHIEFS,50.0,1987,0.51147541,11
BENGALS,48.8,1987,0.5,12
BEARS,48.8,1987,0.475409836,13
SEAHAWKS,48.3,1987,0.472727273,14
CHARGERS,48.0,1987,0.47704918,15
COLTS,48.0,1987,0.473770492,16
JETS,47.2,1987,0.475409836,17
CARDINALS,47.2,1987,0.472131148,18
PATRIOTS,47.0,1987,0.467213115,19
PACKERS,46.3,1987,0.467213115,20
LIONS,44.7,1987,0.455737705,21
EAGLES,42.5,1987,0.42295082,22
GIANTS,41.1,1987,0.41147541,23
TITANS/OILERS,40.8,1987,0.398360656,24
FALCONS,38.6,1987,0.395081967,25
BILLS,37.2,1987,0.367213115,26
SAINTS,34.2,1987,0.317869416,27
BUCCANEERS,29.2,1987,0.293939394,28
JAGUARS,NA,1988,NA,29
PANTHERS,NA,1988,NA,30
RAVENS,NA,1988,NA,31
TEXANS,NA,1988,NA,32
RAIDERS,68.5,1988,0.696875,1
COWBOYS,67.3,1988,0.696875,2
RAMS,64.4,1988,0.6453125,3
DOLPHINS,61.6,1988,0.628125,4
REDSKINS,61.0,1988,0.61875,5
VIKINGS,58.3,1988,0.578125,6
BROWNS,55.2,1988,0.5484375,7
STEELERS,53.9,1988,0.55,8
49ERS,53.0,1988,0.525,9
BRONCOS,52.8,1988,0.5296875,10
BENGALS,50.2,1988,0.488013699,11
BEARS,50.0,1988,0.4875,12
SEAHAWKS,49.0,1988,0.483333333,13
CHIEFS,49.0,1988,0.5,14
COLTS,48.4,1988,0.4796875,15
CHARGERS,47.5,1988,0.4796875,16
JETS,47.5,1988,0.471875,17
PATRIOTS,47.5,1988,0.4703125,18
CARDINALS,47.0,1988,0.471875,19
PACKERS,45.2,1988,0.4625,20
LIONS,43.8,1988,0.446875,21
EAGLES,43.5,1988,0.425,22
GIANTS,42.1,1988,0.4109375,23
TITANS/OILERS,41.8,1988,0.4078125,24
BILLS,39.0,1988,0.371875,25
FALCONS,38.2,1988,0.3859375,26
SAINTS,35.6,1988,0.341503268,27
BUCCANEERS,29.3,1988,0.291666667,28
JAGUARS,NA,1989,NA,29
PANTHERS,NA,1989,NA,30
RAVENS,NA,1989,NA,31
TEXANS,NA,1989,NA,32
RAIDERS,67.6,1989,0.68452381,1
RAMS,64.6,1989,0.644345238,2
COWBOYS,64.5,1989,0.672619048,3
DOLPHINS,61.1,1989,0.616071429,4
REDSKINS,61.1,1989,0.610119048,5
VIKINGS,58.5,1989,0.583333333,6
BROWNS,55.4,1989,0.552083333,7
49ERS,54.5,1989,0.529761905,8
STEELERS,54.0,1989,0.538690476,9
BRONCOS,53.6,1989,0.52827381,10
BENGALS,50.2,1989,0.501623377,11
BEARS,49.4,1989,0.5,12
CHIEFS,49.1,1989,0.489583333,13
SEAHAWKS,48.6,1989,0.489795918,14
COLTS,48.4,1989,0.483630952,15
CHARGERS,47.0,1989,0.474702381,16
PATRIOTS,46.7,1989,0.474702381,17
JETS,46.4,1989,0.474702381,18
CARDINALS,46.3,1989,0.470238095,19
PACKERS,46.0,1989,0.452380952,20
EAGLES,44.6,1989,0.43452381,21
LIONS,43.8,1989,0.4375,22
GIANTS,43.6,1989,0.421130952,23
TITANS/OILERS,42.5,1989,0.418154762,24
BILLS,39.8,1989,0.389880952,25
FALCONS,37.4,1989,0.382440476,26
SAINTS,36.5,1989,0.355590062,27
BUCCANEERS,29.5,1989,0.293367347,28
JAGUARS,NA,1990,NA,29
PANTHERS,NA,1990,NA,30
RAVENS,NA,1990,NA,31
TEXANS,NA,1990,NA,32
RAIDERS,67.9,1990,0.676136364,1
COWBOYS,63.6,1990,0.644886364,2
RAMS,63.2,1990,0.646306818,3
DOLPHINS,61.7,1990,0.610795455,4
REDSKINS,61.1,1990,0.610795455,5
VIKINGS,57.6,1990,0.585227273,6
49ERS,56.0,1990,0.545454546,7
STEELERS,54.1,1990,0.539772727,8
BROWNS,53.8,1990,0.553977273,9
BRONCOS,52.6,1990,0.535511364,10
BENGALS,50.4,1990,0.50154321,11
BEARS,50.3,1990,0.494318182,12
CHIEFS,50.0,1990,0.491477273,13
SEAHAWKS,49.1,1990,0.485849057,14
COLTS,48.2,1990,0.484375,15
CHARGERS,46.6,1990,0.470170455,16
JETS,46.1,1990,0.464488636,17
CARDINALS,45.7,1990,0.463068182,18
PACKERS,45.7,1990,0.460227273,19
EAGLES,45.4,1990,0.446022727,20
GIANTS,45.2,1990,0.436079546,21
PATRIOTS,45.0,1990,0.467329546,22
LIONS,43.5,1990,0.4375,23
TITANS/OILERS,43.1,1990,0.424715909,24
BILLS,41.6,1990,0.397727273,25
SAINTS,37.1,1990,0.365384615,26
FALCONS,37.1,1990,0.373579546,27
BUCCANEERS,30.0,1990,0.294811321,28
JAGUARS,NA,1991,NA,29
PANTHERS,NA,1991,NA,30
RAVENS,NA,1991,NA,31
TEXANS,NA,1991,NA,32
RAIDERS,67.4,1991,0.679347826,1
COWBOYS,63.8,1991,0.635869565,2
REDSKINS,62.2,1991,0.611413044,3
RAMS,61.3,1991,0.631793478,4
DOLPHINS,61.2,1991,0.616847826,5
VIKINGS,57.3,1991,0.576086957,6
49ERS,56.3,1991,0.559782609,7
STEELERS,53.6,1991,0.54076087,8
BRONCOS,53.5,1991,0.525815217,9
BROWNS,53.1,1991,0.538043478,10
BEARS,51.0,1991,0.502717391,11
CHIEFS,50.5,1991,0.5,12
BENGALS,49.0,1991,0.504411765,13
SEAHAWKS,48.8,1991,0.49122807,14
COLTS,46.5,1991,0.482336957,15
JETS,46.2,1991,0.460597826,16
EAGLES,46.1,1991,0.453804348,17
CHARGERS,45.7,1991,0.466032609,18
GIANTS,45.4,1991,0.452445652,19
CARDINALS,44.8,1991,0.456521739,20
PACKERS,44.8,1991,0.456521739,21
LIONS,44.8,1991,0.434782609,22
PATRIOTS,44.7,1991,0.449728261,23
TITANS/OILERS,44.1,1991,0.430706522,24
BILLS,43.2,1991,0.41576087,25
SAINTS,38.5,1991,0.371468927,26
FALCONS,38.2,1991,0.370923913,27
BUCCANEERS,29.3,1991,0.300438597,28
JAGUARS,NA,1992,NA,29
PANTHERS,NA,1992,NA,30
RAVENS,NA,1992,NA,31
TEXANS,NA,1992,NA,32
RAIDERS,66.5,1992,0.674479167,1
COWBOYS,64.5,1992,0.638020833,2
REDSKINS,62.0,1992,0.622395833,3
DOLPHINS,61.5,1992,0.611979167,4
RAMS,60.4,1992,0.61328125,5
VIKINGS,57.8,1992,0.572916667,6
49ERS,57.5,1992,0.5625,7
STEELERS,54.3,1992,0.536458333,8
BRONCOS,53.4,1992,0.53515625,9
BROWNS,52.8,1992,0.53125,10
CHIEFS,51.0,1992,0.505208333,11
BEARS,50.3,1992,0.510416667,12
BENGALS,48.3,1992,0.490168539,13
EAGLES,47.0,1992,0.4609375,14
COLTS,46.9,1992,0.46484375,15
CHARGERS,46.6,1992,0.45703125,16
SEAHAWKS,46.5,1992,0.487704918,17
JETS,45.4,1992,0.462239583,18
PACKERS,45.3,1992,0.447916667,19
GIANTS,45.1,1992,0.454427083,20
TITANS/OILERS,44.9,1992,0.44140625,21
LIONS,44.3,1992,0.447916667,22
BILLS,44.3,1992,0.432291667,23
CARDINALS,44.0,1992,0.447916667,24
PATRIOTS,43.4,1992,0.446614583,25
SAINTS,40.0,1992,0.385135135,26
FALCONS,38.1,1992,0.381510417,27
BUCCANEERS,29.4,1992,0.293032787,28
JAGUARS,NA,1993,NA,29
PANTHERS,NA,1993,NA,30
RAVENS,NA,1993,NA,31
TEXANS,NA,1993,NA,32
RAIDERS,66.3,1993,0.665,1
COWBOYS,64.9,1993,0.645,2
DOLPHINS,61.3,1993,0.615,3
REDSKINS,60.6,1993,0.62,4
RAMS,59.3,1993,0.60375,5
VIKINGS,57.7,1993,0.5775,6
49ERS,57.7,1993,0.575,7
STEELERS,54.3,1993,0.5425,8
BRONCOS,53.5,1993,0.53375,9
BROWNS,52.4,1993,0.5275,10
CHIEFS,51.7,1993,0.51,11
BEARS,50.0,1993,0.5025,12
EAGLES,47.1,1993,0.47,13
BENGALS,47.0,1993,0.482526882,14
CHARGERS,46.8,1993,0.46625,15
COLTS,46.0,1993,0.46875,16
GIANTS,46.0,1993,0.45125,17
TITANS/OILERS,46.0,1993,0.44875,18
SEAHAWKS,46.0,1993,0.465384615,19
PACKERS,45.7,1993,0.4525,20
JETS,45.6,1993,0.45375,21
BILLS,45.4,1993,0.4425,22
LIONS,45.0,1993,0.4425,23
CARDINALS,44.0,1993,0.44,24
PATRIOTS,42.9,1993,0.43375,25
SAINTS,40.4,1993,0.400259067,26
FALCONS,38.1,1993,0.38125,27
BUCCANEERS,29.5,1993,0.294230769,28
JAGUARS,NA,1994,NA,29
PANTHERS,NA,1994,NA,30
RAVENS,NA,1994,NA,31
TEXANS,NA,1994,NA,32
RAIDERS,66.0,1994,0.663461539,1
COWBOYS,65.3,1994,0.649038462,2
DOLPHINS,61.3,1994,0.612980769,3
REDSKINS,59.0,1994,0.605769231,4
49ERS,58.6,1994,0.576923077,5
RAMS,58.0,1994,0.592548077,6
VIKINGS,57.9,1994,0.576923077,7
STEELERS,55.1,1994,0.543269231,8
BRONCOS,53.1,1994,0.534855769,9
BROWNS,53.0,1994,0.524038462,10
CHIEFS,51.9,1994,0.516826923,11
BEARS,50.2,1994,0.5,12
CHARGERS,47.6,1994,0.467548077,13
EAGLES,47.0,1994,0.471153846,14
GIANTS,46.4,1994,0.460336539,15
COLTS,46.2,1994,0.460336539,16
PACKERS,46.1,1994,0.456730769,17
BENGALS,45.9,1994,0.470360825,18
SEAHAWKS,45.5,1994,0.460144928,19
BILLS,45.4,1994,0.454326923,20
LIONS,45.4,1994,0.449519231,21
JETS,45.3,1994,0.455528846,22
TITANS/OILERS,44.8,1994,0.460336539,23
CARDINALS,44.2,1994,0.439903846,24
PATRIOTS,43.6,1994,0.429086539,25
SAINTS,40.6,1994,0.404228856,26
FALCONS,38.3,1994,0.381009615,27
BUCCANEERS,30.0,1994,0.295289855,28
RAVENS,NA,1995,NA,31
TEXANS,NA,1995,NA,32
COWBOYS,65.6,1995,0.652777778,1
RAIDERS,65.4,1995,0.659722222,2
DOLPHINS,61.2,1995,0.613425926,3
49ERS,58.9,1995,0.585648148,4
REDSKINS,58.3,1995,0.590277778,5
VIKINGS,57.6,1995,0.578703704,6
RAMS,57.5,1995,0.579861111,7
STEELERS,55.6,1995,0.550925926,8
BRONCOS,53.0,1995,0.53125,9
CHIEFS,52.9,1995,0.518518519,10
BROWNS,52.2,1995,0.530092593,11
BEARS,50.4,1995,0.502314815,12
CHARGERS,47.9,1995,0.475694444,13
EAGLES,47.5,1995,0.469907407,14
PACKERS,46.9,1995,0.460648148,15
COLTS,46.5,1995,0.461805556,16
BILLS,46.0,1995,0.453703704,17
LIONS,46.0,1995,0.453703704,18
GIANTS,45.9,1995,0.46412037,19
BENGALS,45.8,1995,0.459158416,20
SEAHAWKS,45.8,1995,0.455479452,21
TITANS/OILERS,44.8,1995,0.447916667,22
JETS,44.3,1995,0.452546296,23
PANTHERS,43.8,1995,NA,24
CARDINALS,43.5,1995,0.44212963,25
PATRIOTS,43.4,1995,0.436342593,26
SAINTS,40.7,1995,0.405502392,27
FALCONS,39.0,1995,0.383101852,28
BUCCANEERS,30.7,1995,0.299657534,29
JAGUARS,25.0,1995,NA,30
TEXANS,NA,1996,NA,32
COWBOYS,65.5,1996,0.65625,1
RAIDERS,64.7,1996,0.654017857,2
DOLPHINS,60.8,1996,0.611607143,3
49ERS,59.5,1996,0.589285714,4
PANTHERS,59.4,1996,0.4375,5
REDSKINS,58.2,1996,0.582589286,6
VIKINGS,57.5,1996,0.575892857,7
RAMS,56.8,1996,0.574776786,8
STEELERS,55.8,1996,0.555803571,9
BRONCOS,54.0,1996,0.530133929,10
CHIEFS,53.0,1996,0.529017857,11
BROWNS,52.2,1996,0.522321429,12
BEARS,50.2,1996,0.504464286,13
EAGLES,48.1,1996,0.475446429,14
PACKERS,48.1,1996,0.46875,15
CHARGERS,48.0,1996,0.478794643,16
COLTS,46.9,1996,0.465401786,17
BILLS,46.6,1996,0.459821429,18
BENGALS,46.0,1996,0.458333333,19
SEAHAWKS,45.7,1996,0.457792208,20
GIANTS,45.6,1996,0.458705357,21
LIONS,45.5,1996,0.459821429,22
TITANS/OILERS,44.9,1996,0.447544643,23
PATRIOTS,44.3,1996,0.434151786,24
CARDINALS,43.5,1996,0.435267857,25
JETS,43.0,1996,0.443080357,26
JAGUARS,40.6,1996,0.25,27
SAINTS,39.9,1996,0.406682028,28
FALCONS,38.3,1996,0.389508929,29
BUCCANEERS,31.0,1996,0.306818182,30
RAVENS,25.0,1996,NA,31
TEXANS,NA,1997,NA,32
COWBOYS,64.6,1997,0.655172414,1
RAIDERS,63.3,1997,0.646551724,2
DOLPHINS,60.6,1997,0.607758621,3
49ERS,60.2,1997,0.594827586,4
REDSKINS,58.0,1997,0.581896552,5
VIKINGS,57.5,1997,0.575431035,6
STEELERS,56.3,1997,0.558189655,7
RAMS,55.9,1997,0.567887931,8
BRONCOS,54.7,1997,0.53987069,9
PANTHERS,54.2,1997,0.59375,10
CHIEFS,54.0,1997,0.530172414,11
BROWNS,52.2,1997,0.522321429,12
JAGUARS,50.0,1997,0.40625,13
BEARS,49.4,1997,0.502155172,14
PACKERS,49.2,1997,0.480603448,15
EAGLES,47.8,1997,0.480603448,16
CHARGERS,47.2,1997,0.479525862,17
BILLS,46.3,1997,0.465517241,18
GIANTS,46.3,1997,0.455818966,19
COLTS,45.9,1997,0.46875,20
BENGALS,45.9,1997,0.459862385,21
SEAHAWKS,45.9,1997,0.456790124,22
LIONS,45.8,1997,0.454741379,23
TITANS/OILERS,45.1,1997,0.449353448,24
PATRIOTS,44.9,1997,0.442887931,25
JETS,43.4,1997,0.429956897,26
CARDINALS,42.9,1997,0.435344828,27
SAINTS,39.8,1997,0.398888889,28
FALCONS,38.4,1997,0.382543103,29
RAVENS,32.8,1997,0.25,30
BUCCANEERS,32.5,1997,0.310185185,31
TEXANS,NA,1998,NA,32
COWBOYS,64.5,1998,0.645833333,1
RAIDERS,62.9,1998,0.633333333,2
DOLPHINS,60.7,1998,0.60625,3
49ERS,60.7,1998,0.602083333,4
VIKINGS,58.7,1998,0.575,5
REDSKINS,57.4,1998,0.580208333,6
STEELERS,55.8,1998,0.5625,7
BRONCOS,55.7,1998,0.546875,8
RAMS,54.9,1998,0.559375,9
JAGUARS,54.7,1998,0.5,10
CHIEFS,53.6,1998,0.539583333,11
BROWNS,52.2,1998,0.522321429,12
PACKERS,49.8,1998,0.491666667,13
BEARS,48.6,1998,0.49375,14
PANTHERS,46.9,1998,0.541666667,15
EAGLES,46.9,1998,0.478125,16
BILLS,46.8,1998,0.4625,17
CHARGERS,46.7,1998,0.471875,18
GIANTS,46.4,1998,0.4625,19
SEAHAWKS,46.1,1998,0.458823529,20
LIONS,45.4,1998,0.458333333,21
TITANS/OILERS,45.3,1998,0.451041667,22
PATRIOTS,45.3,1998,0.448958333,23
COLTS,45.1,1998,0.459375,24
BENGALS,45.0,1998,0.459070797,25
JETS,44.5,1998,0.434375,26
CARDINALS,43.3,1998,0.429166667,27
FALCONS,40.0,1998,0.384375,28
SAINTS,39.7,1998,0.39806867,29
RAVENS,34.4,1998,0.328125,30
BUCCANEERS,33.3,1998,0.325,31
TEXANS,NA,1999,NA,32
COWBOYS,64.1,1999,0.64516129,1
RAIDERS,62.5,1999,0.629032258,2
JAGUARS,61.3,1999,0.546875,3
DOLPHINS,60.5,1999,0.606854839,4
49ERS,59.6,1999,0.606854839,5
VIKINGS,58.8,1999,0.586693548,6
REDSKINS,57.5,1999,0.57358871,7
RAMS,55.8,1999,0.549395161,8
STEELERS,55.3,1999,0.558467742,9
BRONCOS,55.2,1999,0.557459677,10
CHIEFS,53.7,1999,0.536290323,11
BROWNS,50.9,1999,0.522321429,12
PACKERS,49.8,1999,0.497983871,13
BEARS,48.2,1999,0.485887097,14
PANTHERS,47.5,1999,0.46875,15
BILLS,47.5,1999,0.467741936,16
CHARGERS,46.8,1999,0.466733871,17
SEAHAWKS,46.5,1999,0.460674157,18
EAGLES,46.4,1999,0.46875,19
TITANS/OILERS,46.4,1999,0.452620968,20
GIANTS,46.3,1999,0.463709677,21
COLTS,46.2,1999,0.450604839,22
LIONS,45.5,1999,0.453629032,23
PATRIOTS,45.4,1999,0.452620968,24
JETS,44.6,1999,0.444556452,25
BENGALS,44.3,1999,0.449786325,26
CARDINALS,43.2,1999,0.433467742,27
FALCONS,39.7,1999,0.400201613,28
SAINTS,39.1,1999,0.397302905,29
RAVENS,38.3,1999,0.34375,30
BUCCANEERS,34.8,1999,0.332865169,31
TEXANS,NA,2000,NA,32
COWBOYS,63.1,2000,0.640625,1
RAIDERS,62.9,2000,0.625,2
DOLPHINS,60.8,2000,0.60546875,3
VIKINGS,59.1,2000,0.587890625,4
49ERS,58.9,2000,0.595703125,5
JAGUARS,58.3,2000,0.6125,6
REDSKINS,57.3,2000,0.575195313,7
RAMS,56.0,2000,0.557617188,8
BRONCOS,55.6,2000,0.551757813,9
STEELERS,55.3,2000,0.552734375,10
CHIEFS,53.4,2000,0.537109375,11
PACKERS,50.0,2000,0.498046875,12
BROWNS,49.8,2000,0.50862069,13
BEARS,47.7,2000,0.482421875,14
BILLS,47.5,2000,0.474609375,15
TITANS/OILERS,47.4,2000,0.463867188,16
GIANTS,47.2,2000,0.462890625,17
EAGLES,47.1,2000,0.463867188,18
PANTHERS,46.9,2000,0.475,19
COLTS,46.7,2000,0.461914063,20
SEAHAWKS,46.1,2000,0.465053763,21
LIONS,45.8,2000,0.455078125,22
RAVENS,45.6,2000,0.3828125,23
CHARGERS,45.5,2000,0.467773438,24
PATRIOTS,45.0,2000,0.454101563,25
JETS,45.0,2000,0.446289063,26
BENGALS,43.7,2000,0.443181818,27
CARDINALS,42.4,2000,0.431640625,28
SAINTS,39.8,2000,0.390562249,29
FALCONS,39.3,2000,0.397460938,30
BUCCANEERS,36.0,2000,0.34811828,31
TEXANS,NA,2001,NA,32
RAIDERS,62.9,2001,0.628787879,1
COWBOYS,62.1,2001,0.630681818,2
DOLPHINS,61.0,2001,0.607954546,3
49ERS,59.4,2001,0.589015152,4
VIKINGS,58.3,2001,0.590909091,5
REDSKINS,57.1,2001,0.572916667,6
RAMS,56.9,2001,0.559659091,7
STEELERS,56.1,2001,0.553030303,8
BRONCOS,55.4,2001,0.555871212,9
JAGUARS,55.4,2001,0.583333333,10
CHIEFS,52.9,2001,0.534090909,11
PACKERS,50.7,2001,0.5,12
BROWNS,49.6,2001,0.497916667,13
BEARS,48.7,2001,0.477272727,14
RAVENS,48.4,2001,0.45625,15
EAGLES,47.7,2001,0.470643939,16
TITANS/OILERS,47.3,2001,0.474431818,17
GIANTS,47.1,2001,0.471590909,18
BILLS,46.7,2001,0.475378788,19
SEAHAWKS,46.5,2001,0.461340206,20
COLTS,46.4,2001,0.466856061,21
PATRIOTS,45.7,2001,0.449810606,22
JETS,45.5,2001,0.449810606,23
CHARGERS,45.1,2001,0.455492424,24
LIONS,44.9,2001,0.458333333,25
BENGALS,43.5,2001,0.437,26
CARDINALS,42.5,2001,0.424242424,27
PANTHERS,41.1,2001,0.46875,28
SAINTS,39.9,2001,0.397859922,29
FALCONS,39.4,2001,0.392992424,30
BUCCANEERS,36.8,2001,0.359536083,31
RAIDERS,63.0,2002,0.628676471,1
COWBOYS,61.3,2002,0.621323529,2
DOLPHINS,60.9,2002,0.610294118,3
49ERS,59.5,2002,0.59375,4
VIKINGS,57.7,2002,0.582720588,5
REDSKINS,56.7,2002,0.570772059,6
RAMS,56.5,2002,0.568933824,7
STEELERS,56.3,2002,0.560661765,8
BRONCOS,55.4,2002,0.554227941,9
JAGUARS,53.1,2002,0.553571429,10
CHIEFS,52.9,2002,0.529411765,11
PACKERS,51.4,2002,0.507352941,12
BROWNS,49.8,2002,0.495967742,13
EAGLES,48.5,2002,0.477022059,14
BEARS,48.0,2002,0.487132353,15
TITANS/OILERS,47.9,2002,0.473345588,16
RAVENS,47.8,2002,0.484375,17
GIANTS,47.5,2002,0.470588235,18
COLTS,46.9,2002,0.464154412,19
BILLS,46.8,2002,0.466911765,20
SEAHAWKS,46.4,2002,0.465346535,21
PATRIOTS,46.0,2002,0.456801471,22
JETS,45.8,2002,0.454963235,23
CHARGERS,45.3,2002,0.451286765,24
LIONS,44.1,2002,0.448529412,25
BENGALS,42.6,2002,0.435077519,26
CARDINALS,42.1,2002,0.424632353,27
PANTHERS,41.4,2002,0.410714286,28
SAINTS,40.4,2002,0.399056604,29
FALCONS,40.0,2002,0.394301471,30
BUCCANEERS,38.2,2002,0.367574257,31
TEXANS,25.0,2002,NA,32
RAIDERS,62.0,2003,0.630357143,1
COWBOYS,61.3,2003,0.6125,2
DOLPHINS,60.9,2003,0.608928571,3
49ERS,59.0,2003,0.594642857,4
VIKINGS,57.6,2003,0.576785714,5
RAMS,57.0,2003,0.565178571,6
REDSKINS,56.0,2003,0.566964286,7
STEELERS,55.8,2003,0.563392857,8
BRONCOS,55.6,2003,0.554464286,9
CHIEFS,53.6,2003,0.528571429,10
PACKERS,51.7,2003,0.514285714,11
JAGUARS,50.7,2003,0.53125,12
RAVENS,49.6,2003,0.477678571,13
BROWNS,49.2,2003,0.498046875,14
EAGLES,49.2,2003,0.484821429,15
TITANS/OILERS,48.7,2003,0.479464286,16
BEARS,47.9,2003,0.480357143,17
COLTS,47.7,2003,0.46875,18
PATRIOTS,47.1,2003,0.459821429,19
SEAHAWKS,47.0,2003,0.464285714,20
GIANTS,46.9,2003,0.475,21
BILLS,46.5,2003,0.467857143,22
JETS,45.6,2003,0.458035714,23
CHARGERS,44.7,2003,0.452678571,24
PANTHERS,44.4,2003,0.4140625,25
LIONS,43.8,2003,0.441071429,26
BENGALS,42.8,2003,0.42575188,27
CARDINALS,41.7,2003,0.421428571,28
SAINTS,40.7,2003,0.403846154,29
FALCONS,39.8,2003,0.4,30
BUCCANEERS,38.4,2003,0.382142857,31
TEXANS,28.1,2003,0.25,32
RAIDERS,61.1,2004,0.619791667,1
COWBOYS,60.6,2004,0.612847222,2
DOLPHINS,60.0,2004,0.609375,3
49ERS,57.8,2004,0.590277778,4
VIKINGS,57.4,2004,0.576388889,5
RAMS,56.8,2004,0.5703125,6
STEELERS,56.8,2004,0.558159722,7
BRONCOS,55.8,2004,0.556423611,8
REDSKINS,55.5,2004,0.559895833,9
CHIEFS,53.4,2004,0.536458333,10
PACKERS,52.0,2004,0.517361111,11
JAGUARS,51.3,2004,0.506944444,12
RAVENS,50.3,2004,0.49609375,13
EAGLES,50.1,2004,0.4921875,14
BROWNS,48.5,2004,0.492424242,15
COLTS,48.4,2004,0.4765625,16
TITANS/OILERS,48.2,2004,0.486979167,17
PATRIOTS,48.2,2004,0.471354167,18
BEARS,47.5,2004,0.479166667,19
SEAHAWKS,47.3,2004,0.470183486,20
BILLS,46.8,2004,0.465277778,21
GIANTS,46.6,2004,0.46875,22
JETS,46.0,2004,0.455729167,23
CHARGERS,45.5,2004,0.447048611,24
PANTHERS,44.4,2004,0.444444444,25
LIONS,43.6,2004,0.4375,26
BENGALS,43.0,2004,0.427919708,27
CARDINALS,41.6,2004,0.416666667,28
SAINTS,40.9,2004,0.40658363,29
FALCONS,40.5,2004,0.397569444,30
BUCCANEERS,38.2,2004,0.384174312,31
TEXANS,33.3,2004,0.28125,32
COWBOYS,60.5,2005,0.606418919,1
RAIDERS,60.2,2005,0.611486487,2
DOLPHINS,59.9,2005,0.599662162,3
VIKINGS,57.4,2005,0.574324324,4
STEELERS,57.2,2005,0.568412162,5
49ERS,56.9,2005,0.577702703,6
BRONCOS,56.5,2005,0.558277027,7
RAMS,56.3,2005,0.568412162,8
REDSKINS,55.7,2005,0.554898649,9
CHIEFS,53.6,2005,0.533783784,10
JAGUARS,53.4,2005,0.5125,11
PACKERS,51.3,2005,0.52027027,12
EAGLES,49.8,2005,0.500844595,13
COLTS,49.4,2005,0.483952703,14
RAVENS,49.1,2005,0.503472222,15
PATRIOTS,48.6,2005,0.482263514,16
SEAHAWKS,48.5,2005,0.473451327,17
BROWNS,48.2,2005,0.485294118,18
BEARS,48.0,2005,0.474662162,19
TITANS/OILERS,47.6,2005,0.482263514,20
GIANTS,47.2,2005,0.466216216,21
PANTHERS,46.6,2005,0.44375,22
BILLS,46.4,2005,0.467905405,23
CHARGERS,45.8,2005,0.455236487,24
JETS,45.5,2005,0.460304054,25
BENGALS,43.7,2005,0.429964539,26
LIONS,43.3,2005,0.435810811,27
CARDINALS,41.3,2005,0.415540541,28
FALCONS,40.8,2005,0.405405405,29
SAINTS,40.3,2005,0.40916955,30
BUCCANEERS,39.2,2005,0.381637168,31
TEXANS,28.1,2005,0.333333333,32
COWBOYS,60.4,2006,0.605263158,1
DOLPHINS,59.3,2006,0.598684211,2
RAIDERS,59.0,2006,0.601973684,3
STEELERS,57.0,2006,0.571546053,4
VIKINGS,56.9,2006,0.574013158,5
49ERS,56.6,2006,0.569078947,6
BRONCOS,56.5,2006,0.564967105,7
RAMS,56.2,2006,0.563322368,8
REDSKINS,55.0,2006,0.556743421,9
CHIEFS,53.7,2006,0.536184211,10
JAGUARS,53.1,2006,0.534090909,11
RAVENS,52.0,2006,0.490625,12
PACKERS,51.3,2006,0.513157895,13
EAGLES,50.1,2006,0.497532895,14
COLTS,50.1,2006,0.494243421,15
PATRIOTS,49.3,2006,0.486019737,16
BEARS,48.9,2006,0.480263158,17
SEAHAWKS,48.8,2006,0.485042735,18
TITANS/OILERS,47.7,2006,0.476151316,19
BROWNS,47.6,2006,0.482142857,20
GIANTS,47.3,2006,0.472039474,21
PANTHERS,46.9,2006,0.465909091,22
CHARGERS,46.9,2006,0.458059211,23
BILLS,46.3,2006,0.46381579,24
JETS,45.9,2006,0.454769737,25
BENGALS,43.9,2006,0.437068966,26
LIONS,42.6,2006,0.43256579,27
CARDINALS,41.0,2006,0.412828947,28
SAINTS,40.9,2006,0.403198653,29
FALCONS,40.9,2006,0.407894737,30
BUCCANEERS,38.7,2006,0.392094017,31
TEXANS,30.0,2006,0.28125,32
COWBOYS,60.9,2007,0.604166667,1
RAIDERS,58.1,2007,0.58974359,2
DOLPHINS,58.0,2007,0.592948718,3
STEELERS,57.1,2007,0.569711539,4
VIKINGS,56.7,2007,0.568910256,5
BRONCOS,56.2,2007,0.564903846,6
49ERS,55.9,2007,0.565705128,7
RAMS,55.2,2007,0.561698718,8
REDSKINS,55.1,2007,0.550480769,9
JAGUARS,54.3,2007,0.53125,10
CHIEFS,53.0,2007,0.536858974,11
PACKERS,52.0,2007,0.512820513,12
COLTS,50.9,2007,0.500801282,13
PATRIOTS,50.5,2007,0.492788462,14
RAVENS,50.3,2007,0.519886364,15
EAGLES,50.1,2007,0.500801282,16
SEAHAWKS,49.2,2007,0.487603306,17
BEARS,48.8,2007,0.488782051,18
TITANS/OILERS,48.0,2007,0.476762821,19
BROWNS,48.0,2007,0.475694444,20
GIANTS,47.7,2007,0.47275641,21
CHARGERS,47.4,2007,0.46875,22
PANTHERS,46.6,2007,0.46875,23
BILLS,46.3,2007,0.463141026,24
JETS,45.4,2007,0.459134615,25
BENGALS,43.9,2007,0.438758389,26
LIONS,42.7,2007,0.426282051,27
CARDINALS,41.3,2007,0.41025641,28
SAINTS,41.0,2007,0.409016393,29
FALCONS,40.5,2007,0.408653846,30
BUCCANEERS,39.3,2007,0.387396694,31
TEXANS,33.3,2007,0.3,32
COWBOYS,60.8,2008,0.609375,1
DOLPHINS,58.2,2008,0.5796875,2
STEELERS,57.5,2008,0.57109375,3
RAIDERS,57.5,2008,0.58125,4
VIKINGS,56.9,2008,0.5671875,5
BRONCOS,56.0,2008,0.56171875,6
49ERS,55.6,2008,0.559375,7
REDSKINS,55.0,2008,0.55078125,8
RAMS,54.2,2008,0.55234375,9
JAGUARS,52.7,2008,0.543269231,10
CHIEFS,52.0,2008,0.5296875,11
RAVENS,51.7,2008,0.502604167,12
PACKERS,51.7,2008,0.5203125,13
COLTS,51.4,2008,0.50859375,14
PATRIOTS,51.0,2008,0.50546875,15
EAGLES,50.3,2008,0.50078125,16
BEARS,48.9,2008,0.4875,17
TITANS/OILERS,48.9,2008,0.48046875,18
PANTHERS,48.7,2008,0.466346154,19
SEAHAWKS,48.4,2008,0.492,20
GIANTS,48.3,2008,0.4765625,21
CHARGERS,47.5,2008,0.47421875,22
BROWNS,47.4,2008,0.47972973,23
BILLS,46.2,2008,0.4625,24
JETS,45.7,2008,0.45390625,25
BENGALS,43.5,2008,0.43872549,26
LIONS,41.6,2008,0.4265625,27
CARDINALS,41.6,2008,0.4125,28
SAINTS,41.2,2008,0.409744409,29
FALCONS,41.2,2008,0.4046875,30
BUCCANEERS,39.8,2008,0.393,31
TEXANS,35.7,2008,0.333333333,32
COWBOYS,61.0,2009,0.608231707,1
DOLPHINS,57.9,2009,0.582317073,2
STEELERS,57.5,2009,0.575457317,3
VIKINGS,57.3,2009,0.568597561,4
RAIDERS,56.8,2009,0.574695122,5
BRONCOS,55.9,2009,0.560213415,6
49ERS,55.5,2009,0.556402439,7
REDSKINS,54.2,2009,0.549542683,8
RAMS,53.1,2009,0.541920732,9
COLTS,52.3,2009,0.514481707,10
JAGUARS,52.1,2009,0.526785714,11
PACKERS,52.1,2009,0.516768293,12
RAVENS,52.0,2009,0.516826923,13
CHIEFS,51.3,2009,0.519817073,14
PATRIOTS,51.3,2009,0.509908537,15
EAGLES,50.7,2009,0.503048781,16
TITANS/OILERS,48.9,2009,0.488567073,17
BEARS,48.8,2009,0.489329268,18
PANTHERS,48.8,2009,0.486607143,19
GIANTS,48.4,2009,0.483231707,20
CHARGERS,48.3,2009,0.474847561,21
SEAHAWKS,47.9,2009,0.484496124,22
BROWNS,47.0,2009,0.473684211,23
BILLS,46.0,2009,0.461890244,24
JETS,45.9,2009,0.456554878,25
BENGALS,43.9,2009,0.434713376,26
SAINTS,42.2,2009,0.41199377,27
CARDINALS,42.1,2009,0.416158537,28
FALCONS,41.5,2009,0.411585366,29
LIONS,40.9,2009,0.416158537,30
BUCCANEERS,39.2,2009,0.398255814,31
TEXANS,38.3,2009,0.357142857,32
COWBOYS,60.5,2010,0.610119048,1
STEELERS,57.9,2010,0.57514881,2
DOLPHINS,57.6,2010,0.578869048,3
VIKINGS,56.8,2010,0.572916667,4
RAIDERS,56.7,2010,0.568452381,5
BRONCOS,55.2,2010,0.558779762,6
49ERS,55.1,2010,0.555059524,7
REDSKINS,53.9,2010,0.542410714,8
RAVENS,53.5,2010,0.520089286,9
RAMS,52.8,2010,0.530505952,10
COLTS,52.5,2010,0.523065476,11
PACKERS,52.3,2010,0.520833333,12
PATRIOTS,52.1,2010,0.51264881,13
JAGUARS,52.0,2010,0.520833333,14
CHIEFS,51.6,2010,0.513392857,15
EAGLES,51.0,2010,0.507440476,16
BEARS,49.3,2010,0.488095238,17
GIANTS,48.7,2010,0.483630952,18
TITANS/OILERS,48.6,2010,0.488839286,19
CHARGERS,48.5,2010,0.482886905,20
SEAHAWKS,47.8,2010,0.479323308,21
BROWNS,46.6,2010,0.469551282,22
PANTHERS,46.5,2010,0.4875,23
JETS,46.4,2010,0.459077381,24
BILLS,45.5,2010,0.459821429,25
BENGALS,43.5,2010,0.439440994,26
SAINTS,42.8,2010,0.421732523,27
FALCONS,42.4,2010,0.415178571,28
CARDINALS,41.9,2010,0.421130952,29
LIONS,40.8,2010,0.409226191,30
BUCCANEERS,39.9,2010,0.391917293,31
TEXANS,38.2,2010,0.3828125,32
COWBOYS,60.2,2011,0.604651163,1
STEELERS,58.3,2011,0.579215116,2
DOLPHINS,57.1,2011,0.575581395,3
RAIDERS,56.5,2011,0.566860465,4
VIKINGS,56.0,2011,0.568313954,5
49ERS,55.7,2011,0.550872093,6
BRONCOS,55.0,2011,0.551598837,7
RAVENS,54.9,2011,0.535416667,8
REDSKINS,53.3,2011,0.538517442,9
PACKERS,53.3,2011,0.523255814,10
PATRIOTS,52.8,2011,0.521075581,11
RAMS,51.9,2011,0.528343023,12
COLTS,51.6,2011,0.525436047,13
CHIEFS,51.4,2011,0.515988372,14
EAGLES,51.0,2011,0.510174419,15
JAGUARS,50.7,2011,0.51953125,16
BEARS,49.3,2011,0.492732558,17
GIANTS,48.9,2011,0.486918605,18
TITANS/OILERS,48.8,2011,0.486191861,19
CHARGERS,48.5,2011,0.484738372,20
SEAHAWKS,47.7,2011,0.47810219,21
JETS,46.5,2011,0.464389535,22
BROWNS,46.0,2011,0.465625,23
PANTHERS,46.0,2011,0.46484375,24
BILLS,45.3,2011,0.454941861,25
BENGALS,43.8,2011,0.434848485,26
SAINTS,43.7,2011,0.428041543,27
FALCONS,42.9,2011,0.424418605,28
CARDINALS,42.0,2011,0.418604651,29
LIONS,41.3,2011,0.408430233,30
TEXANS,40.6,2011,0.381944444,31
BUCCANEERS,39.5,2011,0.398722628,32
COWBOYS,60.0,2012,0.602272727,1
STEELERS,58.1,2012,0.583096591,2
DOLPHINS,56.8,2012,0.571022727,3
VIKINGS,56.1,2012,0.559659091,4
49ERS,56.0,2012,0.556818182,5
RAIDERS,55.8,2012,0.565340909,6
BRONCOS,55.6,2012,0.550426136,7
RAVENS,55.3,2012,0.548828125,8
PACKERS,53.6,2012,0.532670455,9
REDSKINS,53.5,2012,0.533380682,10
PATRIOTS,53.3,2012,0.527698864,11
COLTS,52.0,2012,0.516335227,12
RAMS,51.8,2012,0.519176136,13
CHIEFS,50.6,2012,0.514204546,14
EAGLES,50.4,2012,0.509943182,15
BEARS,49.6,2012,0.492897727,16
GIANTS,49.0,2012,0.488636364,17
JAGUARS,48.6,2012,0.507352941,18
TITANS/OILERS,48.5,2012,0.487926136,19
CHARGERS,48.4,2012,0.485085227,20
SEAHAWKS,48.3,2012,0.476950355,21
JETS,46.3,2012,0.465198864,22
PANTHERS,45.8,2012,0.459558824,23
BROWNS,45.7,2012,0.460365854,24
BILLS,45.1,2012,0.453125,25
BENGALS,44.2,2012,0.437869823,26
FALCONS,43.8,2012,0.428977273,27
TEXANS,43.8,2012,0.40625,28
SAINTS,43.7,2012,0.436956522,29
CARDINALS,41.8,2012,0.420454546,30
LIONS,41.0,2012,0.413352273,31
BUCCANEERS,39.6,2012,0.394503546,32
COWBOYS,59.8,2013,0.6,1
STEELERS,57.9,2013,0.58125,2
DOLPHINS,56.7,2013,0.568055556,3
49ERS,56.5,2013,0.560416667,4
BRONCOS,56.2,2013,0.55625,5
VIKINGS,55.6,2013,0.561111111,6
RAIDERS,55.2,2013,0.558333333,7
RAVENS,55.0,2013,0.553308824,8
PATRIOTS,53.7,2013,0.532638889,9
PACKERS,53.6,2013,0.536111111,10
REDSKINS,52.8,2013,0.535416667,11
COLTS,52.4,2013,0.520138889,12
RAMS,51.6,2013,0.518055556,13
CHIEFS,51.0,2013,0.505555556,14
EAGLES,50.7,2013,0.504166667,15
BEARS,49.6,2013,0.495833333,16
SEAHAWKS,49.2,2013,0.482758621,17
GIANTS,48.9,2013,0.490277778,18
CHARGERS,48.6,2013,0.484027778,19
TITANS/OILERS,48.4,2013,0.485416667,20
JAGUARS,47.4,2013,0.486111111,21
PANTHERS,47.4,2013,0.458333333,22
JETS,46.4,2013,0.463194444,23
BROWNS,45.2,2013,0.456845238,24
BILLS,45.0,2013,0.451388889,25
BENGALS,44.8,2013,0.442196532,26
SAINTS,44.3,2013,0.436968839,27
FALCONS,43.3,2013,0.4375,28
CARDINALS,42.3,2013,0.418055556,29
TEXANS,41.1,2013,0.4375,30
LIONS,41.0,2013,0.409722222,31
BUCCANEERS,39.2,2013,0.395689655,32
COWBOYS,60.1,2014,0.597826087,1
STEELERS,58.2,2014,0.579483696,2
BRONCOS,56.6,2014,0.561820652,3
DOLPHINS,56.5,2014,0.566576087,4
49ERS,56.3,2014,0.564538044,5
RAVENS,55.4,2014,0.550347222,6
VIKINGS,55.4,2014,0.55638587,7
RAIDERS,54.4,2014,0.551630435,8
PATRIOTS,54.2,2014,0.53736413,9
PACKERS,54.1,2014,0.536005435,10
COLTS,52.7,2014,0.523777174,11
REDSKINS,52.2,2014,0.527853261,12
RAMS,51.3,2014,0.516304348,13
CHIEFS,51.1,2014,0.50951087,14
EAGLES,50.9,2014,0.506793478,15
SEAHAWKS,49.8,2014,0.491610738,16
BEARS,49.2,2014,0.495923913,17
CHARGERS,48.7,2014,0.485733696,18
GIANTS,48.7,2014,0.489130435,19
TITANS/OILERS,47.7,2014,0.484375,20
PANTHERS,47.3,2014,0.473684211,21
JETS,45.9,2014,0.463994565,22
JAGUARS,45.9,2014,0.473684211,23
BENGALS,45.2,2014,0.447740113,24
BILLS,45.2,2014,0.449728261,25
BROWNS,45.2,2014,0.452034884,26
SAINTS,44.2,2014,0.442520776,27
FALCONS,43.2,2014,0.433423913,28
CARDINALS,42.8,2014,0.422554348,29
TEXANS,42.3,2014,0.411458333,30
LIONS,41.6,2014,0.410326087,31
BUCCANEERS,38.5,2014,0.391778524,32
COWBOYS,59.4,2015,0.60106383,1
STEELERS,58.3,2015,0.581781915,2
BRONCOS,57.0,2015,0.565824468,3
DOLPHINS,56.1,2015,0.565159575,4
49ERS,55.8,2015,0.563164894,5
VIKINGS,55.7,2015,0.553856383,6
PATRIOTS,54.6,2015,0.541888298,7
PACKERS,54.2,2015,0.540558511,8
RAVENS,54.2,2015,0.554276316,9
RAIDERS,54.2,2015,0.543882979,10
COLTS,52.7,2015,0.527260638,11
REDSKINS,52.3,2015,0.521941489,12
CHIEFS,51.4,2015,0.510638298,13
RAMS,51.2,2015,0.513297872,14
EAGLES,50.8,2015,0.509308511,15
SEAHAWKS,50.2,2015,0.498366013,16
PANTHERS,49.6,2015,0.4734375,17
BEARS,49.0,2015,0.492021277,18
GIANTS,48.4,2015,0.486702128,19
CHARGERS,48.2,2015,0.487367021,20
TITANS/OILERS,47.1,2015,0.476728723,21
JETS,46.3,2015,0.459441489,22
BENGALS,45.9,2015,0.452348066,23
BILLS,45.3,2015,0.45212766,24
JAGUARS,45.2,2015,0.459375,25
BROWNS,44.6,2015,0.451704546,26
SAINTS,44.2,2015,0.442411924,27
CARDINALS,43.6,2015,0.428191489,28
FALCONS,43.4,2015,0.432180851,29
TEXANS,43.3,2015,0.423076923,30
LIONS,41.7,2015,0.416223404,31
BUCCANEERS,38.5,2015,0.384803922,32
COWBOYS,59.8,2016,0.59375,1
STEELERS,58.5,2016,0.582682292,2
BRONCOS,57.0,2016,0.569661458,3
DOLPHINS,56.3,2016,0.561197917,4
VIKINGS,55.5,2016,0.556640625,5
PATRIOTS,55.3,2016,0.546223958,6
49ERS,54.9,2016,0.557942708,7
RAIDERS,54.6,2016,0.541666667,8
PACKERS,54.4,2016,0.542317708,9
RAVENS,54.0,2016,0.5421875,10
COLTS,52.6,2016,0.526692708,11
REDSKINS,52.3,2016,0.522786458,12
CHIEFS,51.9,2016,0.514322917,13
RAMS,50.6,2016,0.51171875,14
EAGLES,50.6,2016,0.5078125,15
SEAHAWKS,50.5,2016,0.501592357,16
PANTHERS,49.0,2016,0.495535714,17
GIANTS,48.9,2016,0.484375,18
BEARS,48.3,2016,0.489583333,19
CHARGERS,47.9,2016,0.482421875,20
TITANS/OILERS,47.3,2016,0.470703125,21
JETS,46.0,2016,0.462890625,22
BENGALS,45.8,2016,0.458783784,23
BILLS,45.3,2016,0.453125,24
SAINTS,44.2,2016,0.442307692,25
TEXANS,44.2,2016,0.433035714,26
JAGUARS,44.0,2016,0.452380952,27
FALCONS,43.9,2016,0.43359375,28
BROWNS,43.8,2016,0.445833333,29
CARDINALS,43.7,2016,0.436197917,30
LIONS,42.0,2016,0.416666667,31
BUCCANEERS,38.9,2016,0.38455414,32
COWBOYS,59.8,2017,0.598214286,1
STEELERS,58.9,2017,0.584821429,2
BRONCOS,56.4,2017,0.569515306,3
VIKINGS,56.1,2017,0.555484694,4
DOLPHINS,55.9,2017,0.5625,5
PATRIOTS,55.8,2017,0.552933674,6
49ERS,54.6,2017,0.549107143,7
RAIDERS,54.3,2017,0.545918367,8
PACKERS,54.2,2017,0.544005102,9
RAVENS,54.1,2017,0.540178571,10
REDSKINS,52.1,2017,0.522959184,11
CHIEFS,52.1,2017,0.519132653,12
COLTS,52.1,2017,0.526147959,13
EAGLES,51.3,2017,0.506377551,14
RAMS,51.0,2017,0.506377551,15
SEAHAWKS,50.7,2017,0.505434783,16
PANTHERS,49.9,2017,0.490056818,17
GIANTS,48.3,2017,0.488520408,18
CHARGERS,48.1,2017,0.478954082,19
BEARS,48.0,2017,0.483418367,20
TITANS/OILERS,47.4,2017,0.472576531,21
BENGALS,45.7,2017,0.457671958,22
JETS,45.7,2017,0.459821429,23
BILLS,45.5,2017,0.452806122,24
JAGUARS,44.8,2017,0.440340909,25
SAINTS,44.7,2017,0.442207792,26
FALCONS,44.3,2017,0.43877551,27
CARDINALS,43.8,2017,0.436862245,28
TEXANS,43.0,2017,0.441666667,29
BROWNS,42.8,2017,0.4375,30
LIONS,42.3,2017,0.419642857,31
BUCCANEERS,38.7,2017,0.388975155,32
COWBOYS,59.8,2018,0.5975,1
STEELERS,58.9,2018,0.589375,2
BRONCOS,56.1,2018,0.564375,3
PATRIOTS,56.1,2018,0.558125,4
VIKINGS,56.0,2018,0.560625,5
DOLPHINS,55.6,2018,0.55875,6
RAVENS,54.5,2018,0.541193182,7
49ERS,54.0,2018,0.545625,8
PACKERS,53.9,2018,0.541875,9
RAIDERS,53.7,2018,0.5425,10
CHIEFS,52.6,2018,0.52125,11
COLTS,52.3,2018,0.520625,12
REDSKINS,52.0,2018,0.52125,13
RAMS,51.6,2018,0.51,14
EAGLES,51.3,2018,0.5125,15
SEAHAWKS,51.0,2018,0.506818182,16
PANTHERS,49.6,2018,0.498641304,17
CHARGERS,48.6,2018,0.480625,18
BEARS,48.5,2018,0.48,19
GIANTS,47.9,2018,0.4825,20
TITANS/OILERS,47.6,2018,0.474375,21
BENGALS,45.6,2018,0.457253886,22
SAINTS,45.4,2018,0.447201018,23
BILLS,45.3,2018,0.455,24
JETS,45.3,2018,0.456875,25
TEXANS,44.5,2018,0.4296875,26
JAGUARS,44.3,2018,0.448369565,27
FALCONS,44.2,2018,0.4425,28
CARDINALS,43.3,2018,0.438125,29
BROWNS,42.9,2018,0.428191489,30
LIONS,42.2,2018,0.4225,31
BUCCANEERS,38.5,2018,0.387121212,32
